<?xml version="1.0" encoding="UTF-8" standalone="yes"?>
<addon id="plugin.video.liontvssswizard" name="liontvsss Wizard" version="1.0.0" provider-name="liontvsss">
  <requires>
    <import addon="xbmc.python" version="2.1.0"/>
  </requires>
  <extension point="xbmc.python.pluginsource" library="default.py">
        <provides>video executable</provides>
  </extension>
  <extension point="xbmc.addon.metadata">
    <summary lang="en">update here </summary>
    <description lang="en">update here for the latest version</description>
	<website>http://liontvsss.com</website>
    <platform>all</platform>
  </extension>
</addon>
